{
  "task": "toy_2d_point_mass",
  "seed": 42,
  "num_train": 200,
  "num_eval": 40,
  "horizon": 20,
  "chunk_size": 4,
  "num_bc_samples": 1839,
  "num_chunk_samples": 1250,
  "evaluation": {
    "bc": {
      "success_rate": 0.15,
      "mean_final_error": 0.1930984987642017,
      "mean_steps": 19.45,
      "sample_trajectories": [
        {
          "final_error": 0.10996618790217778,
          "success": false,
          "num_steps": 20,
          "trajectory": [
            [
              0.41447726862679724,
              -0.6949219141714773
            ],
            [
              0.3936809459785242,
              -0.6031011189382803
            ],
            [
              0.37512636593066395,
              -0.5198420395782422
            ],
            [
              0.358577150804275,
              -0.444346025860898
            ],
            [
              0.3438214366505563,
              -0.3758889560591048
            ],
            [
              0.33066936376558087,
              -0.31381427946612467
            ],
            [
              0.3189508214511773,
              -0.2575267086532431
            ],
            [
              0.30851342148082994,
              -0.2064865007691324
            ],
            [
              0.29922067727724305,
              -0.16020427285456715
            ],
            [
              0.29095036810335545,
              -0.1182363012882315
            ],
            [
              0.28359306963601844,
              -0.08018026014080581
            ],
            [
              0.27705083415374016,
              -0.045671357440239646
            ],
            [
              0.2712360052471226,
              -0.014378832181843777
            ],
            [
              0.26607015347114465,
              0.013997221610495644
            ],
            [
              0.2614831207187569,
              0.03972873431758711
            ],
            [
              0.25741216232020736,
              0.06306227134443587
            ],
            [
              0.2538011769755034,
              0.08422140003059081
            ],
            [
              0.25060001562051254,
              0.10340883561060094
            ],
            [
              0.2477638612212961,
              0.12080838685768137
            ],
            [
              0.2452526722961694,
              0.13658672011621703
            ],
            [
              0.2430306836895321,
              0.1508949586813786
            ]
          ]
        },
        {
          "final_error": 0.32534253681555836,
          "success": false,
          "num_steps": 20,
          "trajectory": [
            [
              -0.15173865739522796,
              0.47288847124944566
            ],
            [
              -0.020168501579413994,
              0.5374146900743799
            ],
            [
              0.09976543460153199,
              0.5960806022942722
            ],
            [
              0.20909166640862892,
              0.6494187790167671
            ],
            [
              0.3087478570759523,
              0.697913361546062
            ],
            [
              0.3995888375908927,
              0.7420044682511971
            ],
            [
              0.48239391906449103,
              0.7820922001670078
            ],
            [
              0.5578735600416728,
              0.8185402818895491
            ],
            [
              0.6266754456105135,
              0.8516793709941967
            ],
            [
              0.6893900301620608,
              0.8818100661751629
            ],
            [
              0.7465555910852409,
              0.9092056415521086
            ],
            [
              0.7986628365162699,
              0.9341145320876113
            ],
            [
              0.8461591064634347,
              0.9567625927855677
            ],
            [
              0.8894522031638853,
              0.9773551522743132
            ],
            [
              0.9289138833697816,
              0.9960788795004122
            ],
            [
              0.9648830423799645,
              1.0131034805525037
            ],
            [
              0.9976686170057923,
              1.0285832410836506
            ],
            [
              1.0275522322636164,
              1.042658428391133
            ],
            [
              1.0547906144011803,
              1.055456565931642
            ],
            [
              1.0796177908724922,
              1.0670935918856401
            ],
            [
              1.102247096058469,
              1.0776749123266123
            ]
          ]
        },
        {
          "final_error": 0.24208243894918818,
          "success": false,
          "num_steps": 20,
          "trajectory": [
            [
              -0.09832125719173579,
              -0.7735239083184895
            ],
            [
              0.03171380804028842,
              -0.6215670663859749
            ],
            [
              0.15555521845341008,
              -0.47780846752735584
            ],
            [
              0.2687714918598988,
              -0.3472871724118506
            ],
            [
              0.37227066199472114,
              -0.2287834566496021
            ],
            [
              0.4668835101805159,
              -0.12119006081016083
            ],
            [
              0.5533701033957084,
              -0.023501813642192587
            ],
            [
              0.6324257823965993,
              0.06519378664383502
            ],
            [
              0.704686645815604,
              0.1457251215430562
            ],
            [
              0.7707345723567549,
              0.21884421220404032
            ],
            [
              0.8311018197197633,
              0.28523376306160514
            ],
            [
              0.886275235680216,
              0.34551355532024797
            ],
            [
              0.9367001138127191,
              0.400246250338223
            ],
            [
              0.982783723644677,
              0.44994265741229733
            ],
            [
              1.0248985425513233,
              0.49506651542649616
            ],
            [
              1.0633852144295317,
              0.5360388332571955
            ],
            [
              1.0985552581022568,
              0.5732418296786452
            ],
            [
              1.1306935464919012,
              0.6070225097482943
            ],
            [
              1.1600605758454365,
              0.6376959112346536
            ],
            [
              1.1868945426838158,
              0.6655480515496754
            ],
            [
              1.2114132446712202,
              0.6908386028335182
            ]
          ]
        }
      ]
    },
    "chunk": {
      "success_rate": 0.3,
      "mean_final_error": 0.11135134904496753,
      "mean_steps": 18.725,
      "sample_trajectories": [
        {
          "final_error": 0.06354465907791738,
          "success": false,
          "num_steps": 20,