{
  "input": {
    "pixel_uv": [
      356.0,
      242.0
    ],
    "depth_m": 0.58,
    "camera_name": "front_fixed_camera",
    "mount_type": "eye_to_hand"
  },
  "camera_intrinsics": {
    "fx": 615.0,
    "fy": 615.0,
    "cx": 320.0,
    "cy": 240.0
  },
  "point_in_camera_frame_xyz": [
    0.03395121951219512,
    0.0018861788617886178,
    0.58
  ],
  "T_base_camera": [
    [
      0.0007963267107332633,
      -0.7702310098314967,
      0.6377644999196196,
      0.45
    ],
    [
      -0.9999996829318346,
      -0.0006133557210394488,
      0.0005078690674725487,
      -0.3
    ],
    [
      0.0,
      -0.6377647021345036,
      -0.7702312540473074,
      0.72
    ],
    [
      0.0,
      0.0,
      0.0,
      1.0
    ]
  ],
  "point_in_base_frame_xyz": [
    0.8184776527669007,
    -0.3336578015868059,
    0.27206293435260065
  ],
  "interpretation": "The point can now be used to construct a pre-grasp or grasp pose in base_link."
}